id,categoryId,nameAr,nameEn,price,originalPrice,image,badgeAr,badgeEn,rating,reviewsCount,isCustomizable,customFieldLabelAr,customFieldLabelEn,descriptionAr,descriptionEn,updatedAt
prod-conc-1,concrete,بوكس الفنان الصغير لتلوين الكونكريت,Little Artist Concrete Painting Kit,195,240,assets/images/concrete-coloring.jpg,الأكثر طلباً ⭐,Best Seller,4.9,38,TRUE,الاسم أو الشكل المفضل (بومة / فيل / مئذنة),Preferred Figurine (Owl / Elephant / Minaret),مجموعة فنية متكاملة تحتوي على مجسمات كونكريت ناعمة الملمس وجاهزة للتلوين، 6 ألوان أكريليك زاهية آمنة للأطفال، فرش رسم، وباليت لتفريغ الألوان.,"Complete artistic DIY kit featuring smooth handcrafted concrete figurines, 6 vibrant non-toxic paints, brushes, and a palette.",2026-10-09T17:59:31.508Z
prod-conc-2,concrete,مجسم مئذنة ومسجد كونكريت للتلوين,Concrete Mosque & Minaret Painting Craft,120,150,assets/images/concrete-coloring.jpg,مميز للمناسبات 🌙,Special Edition,5,24,TRUE,الاسم المراد نقشه على القاعدة (اختياري),Name to engrave on base (optional),مجسم هندسي أنيق لمسجد ومئذنة مصنوع من الكونكريت المصقول، نشاط روحاني وإبداعي رائع للأطفال في شهر رمضان والأعياد.,Handcrafted architectural concrete mosque and minaret figurine ready to paint with included warm tones.,2026-10-09T17:59:31.509Z
prod-conc-3,concrete,طقم حروف كونكريت مخصصة باسمك مع ألوان,Personalized Concrete Name Letters with Paints,160,190,assets/images/concrete-coloring.jpg,تخصيص كامل ✏️,Fully Custom,4.8,19,TRUE,اكتب الحروف أو الاسم المطلوب بالإنجليزية أو العربية,"Type name letters (e.g., NOUR)",حروف كونكريت ثلاثية الأبعاد باسم طفلك أو من تحب، تأتي مع علبة ألوان وفرشاة لتلوينها والاحتفاظ بها كقطعة ديكور فريدة.,"3D concrete alphabet letters customized with your chosen name, ready for custom painting and keepsake display.",2026-10-09T17:59:31.509Z
prod-cb-1,coloring_books,كتاب تلوين المانديلا والزخارف الهندسية الفاخر,Mandala & Geometric Designs Premium Coloring Book,95,120,assets/images/coloring-books.jpg,للاسترخاء 🌸,Relaxing Art,4.9,42,FALSE,,,كتاب تلوين فاخر يحتوي على أكثر من 40 تصميماً من زخارف المانديلا الدقيقة والأشكال الهندسية، مطبوع على ورق سميك عالي الجودة يمنع تسرب الألوان.,Premium coloring book with 40+ intricate mandala and geometric patterns on heavyweight bleed-proof paper.,2026-10-09T17:59:31.509Z
prod-cb-2,coloring_books,كتيب تلوين حيوانات السفاري الأفريقية مع علبة ألوان,African Safari Creatures Coloring Booklet + Pencils,85,105,assets/images/coloring-books.jpg,محبوب الأطفال 🦁,Kids Favorite,4.9,31,FALSE,,,كتيب رسومات كرتونية ظريفة لحيوانات الغابة الأفريقية مصمم لتقوية التركيز والتناسق البصري الحركي لدى الأطفال، يشمل علبة 12 قلم تلوين خشبي ناعم.,"Charming safari animal coloring booklet for young artists, bundled with a 12-pack of colored pencils.",2026-10-09T17:59:31.509Z
prod-mb-1,magnets_brooches,مغناطيس ثلاجة عائلي مخصص بشكل قلب,Custom Family Heart Fridge Magnet,65,85,assets/images/magnets-brooches.jpg,هدية دافئة ❤️,Warm Gift,5,56,TRUE,أفراد العائلة أو الرسمة المطلوبة (أب، أم، أطفال),"Family members to feature (Dad, Mom, Kids)",مغناطيس ثلاجة بقاعدة خشبية بشكل قلب مع رسم كرتوني يمثل عائلتك، مغلف بطبقة حماية لامعة مقاومة للماء والخدوش.,Heart-shaped wooden fridge magnet customized with your family cartoon illustration and waterproof gloss finish.,2026-10-09T17:59:31.509Z
prod-mb-2,magnets_brooches,مجموعة بروشات ودبابيس المهن اللطيفة,Cute Career Badge Pins & Brooches Set,80,100,assets/images/magnets-brooches.jpg,أشكال متنوعة 👩‍⚕️,Multi-Style,4.8,27,TRUE,اختر المهنة (طبيب / مهندس / معلم / فنان / شيف),Select profession (Doctor / Engineer / Teacher / Artist),دبابيس وبروشات معدنية وخشبية برسومات مميزة لشخصيات المهن، مثالية كهدية تخرج أو للتزيين على الحقائب والملابس.,"Delightful profession pins (Doctor, Engineer, Chef, Artist) with secure metal clasp backing.",2026-10-09T17:59:31.509Z
prod-ef-1,event_favors,توزيعات المواليد والسبوع الملكية (باك 12 قطعة),Royal Newborn Baby Shower Favors (Pack of 12),280,340,assets/images/event-favors.jpg,مواليد جدد 🍼,Baby Shower,5,64,TRUE,اسم المولود وتاريخ المناسبة,Baby Name & Date of Event,علب توزيعات أنيقة برسمة فيل لطيف أو دب كرتوني، تشمل حبات شوكولاتة فاخرة، كيس قماشي مع سبحة ميني، وكارت إهداء مطبوع باسم المولود.,"Exquisite baby shower favor boxes with customized baby name tag, luxury chocolate, mini tasbeeh, and pouch.",2026-10-09T17:59:31.509Z
prod-ef-2,event_favors,طقم توزيعات عقد القران والزفاف الفاخر,Luxury Katb Ktab & Wedding Favor Set,450,520,assets/images/event-favors.jpg,عقد قران مبارك 💍,Wedding Edition,4.9,48,TRUE,اسمي العروسين وتاريخ عقد القران,Couples Names & Event Date,توزيعات عقد القران الفاخرة تتضمن مصحفاً ميني مخملياً، سبحة كريستالية بلون عنبري، وثيقة عقد قران مصغرة، ومروحة ورقية كلاسيكية.,"Luxury Islamic wedding favors with mini velvet Quran, amber-tone tasbeeh, wedding scroll, and silk fan.",2026-10-09T17:59:31.509Z
prod-ef-3,event_favors,مجموعة توزيعات حنة العروس التراثية,Bridal Henna Night Favors Collection,390,460,assets/images/event-favors.jpg,حنة العروس 🌺,Henna Night,4.9,22,TRUE,اسم العروس للطباعة على الظرف والمرآة,Bride Name for Envelope and Mirror,باقة حنة راقية تشمل مرآة يدوية بزخارف شرقية ملونة، بوكس فانوس مخرم، حبات بخور أو مسك عطري، وظرف إهداء مطبوع بعبارة حنة العروس.,"Authentic bridal henna favors featuring oriental hand mirror, die-cut lantern box, and perfumed musk.",2026-10-09T17:59:31.509Z
prod-nb-1,notebooks,نوت بوك ملكي جلد وردي منقوش بالذهب باسمك,Rose Gold Foil Personalized Leather Journal,175,220,assets/images/notebooks.jpg,تطريز ذهبي ✨,Gold Foil Name,5,52,TRUE,الاسم المراد نقشه بالذهب (مثال: نور / سارة),"Name to engrave in gold (e.g., Noor)",نوت بوك جلدي فاخر بلون وردي ناعم، منقوش عليه اسمك بخط عربي ديواني باللون الذهبي البارز، مع أوراق عاجية مسطرة 100 جرام وشريط إشارة حريري.,Sophisticated dusty rose faux-leather journal with your name stamped in gold Arabic calligraphy on 100gsm cream paper.,2026-10-09T17:59:31.509Z
prod-nb-2,notebooks,طقم التدوين المتكامل (نوت بوك + To Do List + قلم ذهبي),Executive Stationery Gift Set (Journal + Notepad + Gold Pen),260,310,assets/images/notebooks.jpg,طقم هدايا راقي 🎁,Full Gift Set,4.9,39,TRUE,الاسم المطلوب على النوت بوك والقلم,Name for Journal and Pen engraving,طقم هدية متكامل يشمل دفتر يوميات، مفكرة مهام يومية (To Do List)، نوتباد صغير، قلم ذهبي منقوش بالاسم، ومشبك ذهبي أنيق مع شريط واشي تيب.,"Complete desk gift set including journal, tear-off daily task pad, pocket notepad, custom engraved gold pen, and clips.",2026-10-09T17:59:31.509Z
prod-ip-1,islamic_prints,مصحف سورة البقرة مخمل ملكي أخضر مع قلم مذهب,Royal Green Velvet Surah Al-Baqarah Quran + Gold Pen,220,270,assets/images/islamic-prints.jpg,مخمل ملكي 🌿,Royal Velvet,5,59,TRUE,اسم الإهداء أو الصدقة الجارية (اختياري),Dedication or Name (optional),مصحف سورة البقرة كاملة بغلاف مخملي أخضر زمردي بنقوش عربية ذهبية بارزة، مع قلم أنيق وحافظة مخملية وكرت أذكار الصباح والمساء.,"Exquisite emerald-green velvet cover Surah Al-Baqarah edition with gilded ornaments, gold pen, and Azkar card.",2026-10-09T17:59:31.509Z
prod-ip-2,islamic_prints,كروت أذكار الصباح والمساء وأذكار بعد الصلاة (مصفحة),Laminated Morning & Evening Azkar Card Set,75,95,assets/images/islamic-prints.jpg,حجم مناسب للجيب 📿,Pocket Size,4.9,44,FALSE,,,كروت أنيقة مطبوعة بخط واضح ومصفحة بطبقة حماية ضد التلف والماء، تضم أذكار الصباح والمساء كاملة وأذكار ما بعد الصلوات المكتوبة.,"Crystal-clear laminated Azkar cards for daily remembrance, pocket-sized and protected against water and wear.",2026-10-09T17:59:31.509Z
prod-ip-3,islamic_prints,باقات صدقة جارية مخصصة (باك 20 كارت وميني مصحف),Custom Sadaqah Jariyah Remembrance Pack (20 Units),350,420,assets/images/islamic-prints.jpg,صدقة جارية 🤲,Sadaqah Jariyah,5,36,TRUE,اسم المتوفى أو صاحب الصدقة للدعاء,Name for Dedication and Prayers,باقات توزيعات راقية مع ربطة فيونكة ستان خضراء وذهبية، تشمل مصاحف ميني وكروت دعاء مطبوعة باسم من تحبون كصدقة جارية.,"Elegantly wrapped memorial gift favors with ribbon bows, mini Qurans, and personalized dua cards.",2026-10-09T17:59:31.510Z
prod-ek-1,educational_kids,كتاب تفاعلي أبجد هوز لتعليم القراءة والكتابة,Interactive Abjad Hawaz Arabic Alphabet Activity Book,145,180,assets/images/educational-kids.jpg,تفاعلي وممتع 🧩,Interactive Fun,4.9,47,TRUE,اسم الطفل للطباعة على غلاف الكتاب,Child's name for cover customization,كتاب ألعاب تعليمية ملون يدمج بين المرح والتعلم، يحتوي على أنشطة تتبع الحروف، تلوين الكلمات، وتوصيل الحروف بالأشياء اليومية.,Engaging hardcover educational book teaching Arabic alphabet and phonetics through playful exercises.,2026-10-09T17:59:31.510Z
prod-ek-2,educational_kids,فلاش كاردز الحروف والحيوانات التفاعلية للأطفال,Arabic Alphabet & Animals Flashcards Set,95,120,assets/images/educational-kids.jpg,كرتون متين 🍎,Durable Cards,4.8,29,FALSE,,,28 بطاقة تعليمية سميكة بحواف دائرية آمنة، مطبوعة برسومات ملونة وأسماء واضحة (أ - تفاحة، د - دب، س - سيارة) لتوسيع المفردات اللغوية للطفل.,28 thick rounded-edge flashcards showcasing Arabic letters and illustrated vocabulary words.,2026-10-09T17:59:31.510Z
prod-ek-3,educational_kids,حقيبة التوزيعات التعليمية الذكية (مكعبات + عدسة + بوصلة),Little Explorer Educational Favor Kit (Blocks + Lens),185,225,assets/images/educational-kids.jpg,المستكشف الصغير 🔍,Young Explorer,4.9,21,TRUE,اسم المناسبة أو أسماء الأطفال,Event or Children's Names,حقيبة هدايا تعليمية في أظرف قماشية ملونة، تحتوي على عدسة مكبرة للاستكشاف، بوصلة صغيرة، ومكعبات بناء ملونة مع قلم ممتع.,"Fabric pouch favor kit packed with a magnifying glass, beginner compass, building blocks, and an activity pen.",2026-10-09T17:59:31.510Z
prod-lp-1,luxury_prints,أظرف كلاسيكية فاخرة بختم شمع حقيقي وكروت تهنئة,Real Wax-Sealed Classic Gift Envelopes & Cards,110,135,assets/images/luxury-prints.jpg,ختم شمع ملكي ✉️,Wax Sealed,5,38,TRUE,العبارة المطبوعة (تهانينا / مبروك / لك),Printed Text (Congratulations / For You / Mabrouk),أظرف راقية بلون أخضر ملكي وعاجي مغلقة بأختام شمع ذهبية مع كروت تهنئة سميكة بحروف محفورة بالذهب لمناسباتكم الخاصة.,Luxury textured stationery envelopes with authentic gold wax seals and gold foil letterpress cards.,2026-10-09T17:59:31.510Z
prod-lp-2,luxury_prints,طقم فواصل كتب فاخرة باقتباسات ملهمة (3 قطع),Inspiring Quotes Luxury Bookmark Set (Pack of 3),60,75,assets/images/luxury-prints.jpg,لعشاق القراءة 📖,Book Lovers,4.8,26,FALSE,,,ثلاثة فواصل كتب مطبوعة على ورق قطني سميك برسومات فنية وتطريز أشرطة قماشية فاخرة، مع عبارات اقتباس اليوم وشكراً.,"Set of 3 artistic cotton-paper bookmarks featuring warm botanical illustrations, quote typography, and ribbon ties.",2026-10-09T17:59:31.510Z
prod-lp-3,luxury_prints,أكياس هدايا راقية بنقش ذهبي بارز لمناسباتكم الخاصة,Embossed Luxury Gift Bags with Fabric Handles,85,110,assets/images/luxury-prints.jpg,تقديم فاخر 🛍️,Luxury Bag,4.9,19,TRUE,اختر العبارة (مناسبة خاصة / أطيب التمنيات),Choose Text (Special Occasion / Best Wishes),حقائب هدايا كرتونية فاخرة متوفرة بالأزرق الكحلي والأبيض العاجي، بنقوش إسلامية بارزة وطباعة ذهبية وحزام يد قماشي متين.,High-density embossed paper gift bags with opulent arabesque patterns and sturdy woven handles.,2026-10-09T17:59:31.510Z
prod-st-1,stickers,باك استيكرز الفنان الصغير ضد الماء والتمزق,Little Artist Waterproof Vinyl Sticker Pack,55,70,assets/images/stickers.jpg,مقاوم للماء 🎨,Waterproof Vinyl,4.9,45,FALSE,,,مجموعة ملصقات فينيل عالية الجودة بتصاميم كرتونية مرحة لأدوات الرسم والفرش والألوان وشخصيات الفنان الصغير، مثالية لتزيين الدفاتر واللابتوب.,"Vibrant vinyl die-cut stickers depicting art supplies, mini easels, and cute artist characters; fully waterproof.",2026-10-09T17:59:31.510Z
prod-st-2,stickers,شيت استيكرز عبارات تحفيزية ونجوم ذهبية,Motivational Stars & Quotes Sticker Sheet,45,60,assets/images/stickers.jpg,تشجيع للأطفال ⭐,Motivational,4.8,33,FALSE,,,شيت ملصقات مميز بعبارات تحفيزية مشجعة مثل (الفن حياة، أنا فنان، أرسم مستقبلي) مع نجوم ذهبية لامعة لتكريم ومكافأة الأطفال.,Inspiring reward stickers with gold metallic stars and positive affirmation quotes in Arabic calligraphy.,2026-10-09T17:59:31.510Z
prod-st-3,stickers,طقم شرائط واشي تيب مبهجة للتزيين (3 رولات),Artistic Decorative Washi Tape Rolls (Set of 3),75,95,assets/images/stickers.jpg,تزيين الدفاتر ✂️,Washi Tape Set,4.9,22,FALSE,,,ثلاثة رولات واشي تيب ورقية يابانية سهلة اللصق والنزع بنقوش أدوات رسم وألوان مائية، لتزيين اليوميات والبطاقات والعلب.,Trio of premium Japanese washi tape rolls featuring colorful palette and paintbrush motifs; peel-and-stick.,2026-10-09T17:59:31.510Z
prod-ot-1,others,قواعد أكواب ريزن بالورد الطبيعي المجفف والذهب,Real Pressed Flower & Gold Leaf Resin Coaster Set,160,200,assets/images/others.jpg,صناعة يدوية فريدة 🌸,Handmade Resin,5,37,TRUE,ألوان الزهور المفضلة (وردي / أبيض / لافندر),Flower color preference (Pink / White / Lavender),قواعد أكواب فاخرة مصنوعة يدوياً من الريزن الشفاف عالي النقاوة، مدمجة بزهور طبيعية مجففة بعناية ورقائق ذهب عيار 24.,Hand-poured crystal clear resin coasters with real preserved botanical flowers and subtle gold flakes.,2026-10-09T17:59:31.510Z
prod-ot-2,others,ميداليات مفاتيح جلدية طبيعية مع دلاية معدنية,Handcrafted Leather Keychain with Bronze Charm,90,115,assets/images/others.jpg,جلد طبيعي 🔑,Genuine Leather,4.8,28,TRUE,الحرف أو الاسم المراد نقشه على الجلد,Initial or Name to stamp on leather,ميدالية مفاتيح مصنوعة من الجلد الطبيعي الفاخر مع حلقة نحاسية عتيقة ودلاية شجرة الحياة البرونزية، متوفرة بألوان كلاسيكية أنيقة.,Artisan genuine leather strap keychain with antique brass hardware and tree-of-life medallion.,2026-10-09T17:59:31.510Z
prod-ot-3,others,فواحة عطرية خزفية شرقية مع أعواد خشبية وزيت عطري,Moroccan Ceramic Reed Diffuser + Fragrance Oil,180,220,assets/images/others.jpg,رائحة زكية 🌿,Aromatherapy,4.9,31,TRUE,اختر الرائحة (لافندر / مسك أبيض / فانيليا),Choose Scent (Lavender / White Musk / Vanilla),فواحة سيراميك مزخرفة بنقوش أندلسية زرقاء دافئة، تأتي مع أعواد قصب خشبية وزجاجة زيت عطري مركز تدوم رائحته لأسابيع.,"Artisanal glazed ceramic reed diffuser with Moroccan motifs, accompanied by natural rattan reeds and pure aroma oil.",2026-10-09T17:59:31.510Z